Country Name,Country Link
India,/world-population/india-population/
China,/world-population/china-population/
United States,/world-population/us-population/
Indonesia,/world-population/indonesia-population/
Pakistan,/world-population/pakistan-population/
Nigeria,/world-population/nigeria-population/
Brazil,/world-population/brazil-population/
Bangladesh,/world-population/bangladesh-population/
Russia,/world-population/russia-population/
Mexico,/world-population/mexico-population/
Ethiopia,/world-population/ethiopia-population/
Japan,/world-population/japan-population/
Philippines,/world-population/philippines-population/
Egypt,/world-population/egypt-population/
DR Congo,/world-population/democratic-republic-of-the-congo-population/
Vietnam,/world-population/vietnam-population/
Iran,/world-population/iran-population/
Turkey,/world-population/turkey-population/
Germany,/world-population/germany-population/
Thailand,/world-population/thailand-population/
United Kingdom,/world-population/uk-population/
Tanzania,/world-population/tanzania-population/
France,/world-population/france-population/
South Africa,/world-population/south-africa-population/
Italy,/world-population/italy-population/
Kenya,/world-population/kenya-population/
Myanmar,/world-population/myanmar-population/
Colombia,/world-population/colombia-population/
South Korea,/world-population/south-korea-population/
Uganda,/world-population/uganda-population/
Sudan,/world-population/sudan-population/
Spain,/world-population/spain-population/
Argentina,/world-population/argentina-population/
Algeria,/world-population/algeria-population/
Iraq,/world-population/iraq-population/
Afghanistan,/world-population/afghanistan-population/
Poland,/world-population/poland-population/
Canada,/world-population/canada-population/
Morocco,/world-population/morocco-population/
Saudi Arabia,/world-population/saudi-arabia-population/
Ukraine,/world-population/ukraine-population/
Angola,/world-population/angola-population/
Uzbekistan,/world-population/uzbekistan-population/
Yemen,/world-population/yemen-population/
Peru,/world-population/peru-population/
Malaysia,/world-population/malaysia-population/
Ghana,/world-population/ghana-population/
Mozambique,/world-population/mozambique-population/
Nepal,/world-population/nepal-population/
Madagascar,/world-population/madagascar-population/
Côte d'Ivoire,/world-population/cote-d-ivoire-population/
Venezuela,/world-population/venezuela-population/
Cameroon,/world-population/cameroon-population/
Niger,/world-population/niger-population/
Australia,/world-population/australia-population/
North Korea,/world-population/north-korea-population/
Taiwan,/world-population/taiwan-population/
Mali,/world-population/mali-population/
Burkina Faso,/world-population/burkina-faso-population/
Syria,/world-population/syria-population/
Sri Lanka,/world-population/sri-lanka-population/
Malawi,/world-population/malawi-population/
Zambia,/world-population/zambia-population/
Romania,/world-population/romania-population/
Chile,/world-population/chile-population/
Kazakhstan,/world-population/kazakhstan-population/
Chad,/world-population/chad-population/
Ecuador,/world-population/ecuador-population/
Somalia,/world-population/somalia-population/
Guatemala,/world-population/guatemala-population/
Senegal,/world-population/senegal-population/
Netherlands,/world-population/netherlands-population/
Cambodia,/world-population/cambodia-population/
Zimbabwe,/world-population/zimbabwe-population/
Guinea,/world-population/guinea-population/
Rwanda,/world-population/rwanda-population/
Benin,/world-population/benin-population/
Burundi,/world-population/burundi-population/
Tunisia,/world-population/tunisia-population/
Bolivia,/world-population/bolivia-population/
Haiti,/world-population/haiti-population/
Belgium,/world-population/belgium-population/
Jordan,/world-population/jordan-population/
Dominican Republic,/world-population/dominican-republic-population/
Cuba,/world-population/cuba-population/
South Sudan,/world-population/south-sudan-population/
Sweden,/world-population/sweden-population/
Honduras,/world-population/honduras-population/
Czech Republic (Czechia),/world-population/czech-republic-population/
Azerbaijan,/world-population/azerbaijan-population/
Greece,/world-population/greece-population/
Papua New Guinea,/world-population/papua-new-guinea-population/
Portugal,/world-population/portugal-population/
Hungary,/world-population/hungary-population/
Tajikistan,/world-population/tajikistan-population/
United Arab Emirates,/world-population/united-arab-emirates-population/
Belarus,/world-population/belarus-population/
Israel,/world-population/israel-population/
Togo,/world-population/togo-population/
Austria,/world-population/austria-population/
Switzerland,/world-population/switzerland-population/
Sierra Leone,/world-population/sierra-leone-population/
Laos,/world-population/laos-population/
Hong Kong,/world-population/china-hong-kong-sar-population/
Serbia,/world-population/serbia-population/
Nicaragua,/world-population/nicaragua-population/
Libya,/world-population/libya-population/
Paraguay,/world-population/paraguay-population/
Kyrgyzstan,/world-population/kyrgyzstan-population/
Bulgaria,/world-population/bulgaria-population/
Turkmenistan,/world-population/turkmenistan-population/
El Salvador,/world-population/el-salvador-population/
Congo,/world-population/congo-population/
Singapore,/world-population/singapore-population/
Denmark,/world-population/denmark-population/
Slovakia,/world-population/slovakia-population/
Central African Republic,/world-population/central-african-republic-population/
Finland,/world-population/finland-population/
Norway,/world-population/norway-population/
Liberia,/world-population/liberia-population/
State of Palestine,/world-population/state-of-palestine-population/
Lebanon,/world-population/lebanon-population/
New Zealand,/world-population/new-zealand-population/
Costa Rica,/world-population/costa-rica-population/
Ireland,/world-population/ireland-population/
Mauritania,/world-population/mauritania-population/
Oman,/world-population/oman-population/
Panama,/world-population/panama-population/
Kuwait,/world-population/kuwait-population/
Croatia,/world-population/croatia-population/
Eritrea,/world-population/eritrea-population/
Georgia,/world-population/georgia-population/
Mongolia,/world-population/mongolia-population/
Moldova,/world-population/moldova-population/
Uruguay,/world-population/uruguay-population/
Puerto Rico,/world-population/puerto-rico-population/
Bosnia and Herzegovina,/world-population/bosnia-and-herzegovina-population/
Albania,/world-population/albania-population/
Jamaica,/world-population/jamaica-population/
Armenia,/world-population/armenia-population/
Gambia,/world-population/gambia-population/
Lithuania,/world-population/lithuania-population/
Qatar,/world-population/qatar-population/
Botswana,/world-population/botswana-population/
Namibia,/world-population/namibia-population/
Gabon,/world-population/gabon-population/
Lesotho,/world-population/lesotho-population/
Guinea-Bissau,/world-population/guinea-bissau-population/
Slovenia,/world-population/slovenia-population/
North Macedonia,/world-population/macedonia-population/
Latvia,/world-population/latvia-population/
Equatorial Guinea,/world-population/equatorial-guinea-population/
Trinidad and Tobago,/world-population/trinidad-and-tobago-population/
Bahrain,/world-population/bahrain-population/
Timor-Leste,/world-population/timor-leste-population/
Estonia,/world-population/estonia-population/
Mauritius,/world-population/mauritius-population/
Cyprus,/world-population/cyprus-population/
Eswatini,/world-population/swaziland-population/
Djibouti,/world-population/djibouti-population/
Réunion,/world-population/reunion-population/
Fiji,/world-population/fiji-population/
Comoros,/world-population/comoros-population/
Guyana,/world-population/guyana-population/
Bhutan,/world-population/bhutan-population/
Solomon Islands,/world-population/solomon-islands-population/
Macao,/world-population/china-macao-sar-population/
Luxembourg,/world-population/luxembourg-population/
Montenegro,/world-population/montenegro-population/
Suriname,/world-population/suriname-population/
Cabo Verde,/world-population/cabo-verde-population/
Western Sahara,/world-population/western-sahara-population/
Micronesia,/world-population/micronesia-population/
Malta,/world-population/malta-population/
Maldives,/world-population/maldives-population/
Brunei ,/world-population/brunei-darussalam-population/
Bahamas,/world-population/bahamas-population/
Belize,/world-population/belize-population/
Guadeloupe,/world-population/guadeloupe-population/
Iceland,/world-population/iceland-population/
Martinique,/world-population/martinique-population/
Mayotte,/world-population/mayotte-population/
Vanuatu,/world-population/vanuatu-population/
French Guiana,/world-population/french-guiana-population/
French Polynesia,/world-population/french-polynesia-population/
New Caledonia,/world-population/new-caledonia-population/
Barbados,/world-population/barbados-population/
Sao Tome & Principe,/world-population/sao-tome-and-principe-population/
Samoa,/world-population/samoa-population/
Curaçao,/world-population/curacao-population/
Saint Lucia,/world-population/saint-lucia-population/
Guam,/world-population/guam-population/
Kiribati,/world-population/kiribati-population/
Grenada,/world-population/grenada-population/
Tonga,/world-population/tonga-population/
Seychelles,/world-population/seychelles-population/
Aruba,/world-population/aruba-population/
St. Vincent & Grenadines,/world-population/saint-vincent-and-the-grenadines-population/
U.S. Virgin Islands,/world-population/united-states-virgin-islands-population/
Antigua and Barbuda,/world-population/antigua-and-barbuda-population/
Isle of Man,/world-population/isle-of-man-population/
Andorra,/world-population/andorra-population/
Dominica,/world-population/dominica-population/
Cayman Islands,/world-population/cayman-islands-population/
Bermuda,/world-population/bermuda-population/
Greenland,/world-population/greenland-population/
Faeroe Islands,/world-population/faeroe-islands-population/
Northern Mariana Islands,/world-population/northern-mariana-islands-population/
Saint Kitts & Nevis,/world-population/saint-kitts-and-nevis-population/
Turks and Caicos,/world-population/turks-and-caicos-islands-population/
Sint Maarten,/world-population/sint-maarten-population/
American Samoa,/world-population/american-samoa-population/
Marshall Islands,/world-population/marshall-islands-population/
Liechtenstein,/world-population/liechtenstein-population/
Monaco,/world-population/monaco-population/
San Marino,/world-population/san-marino-population/
Gibraltar,/world-population/gibraltar-population/
Saint Martin,/world-population/saint-martin-population/
British Virgin Islands,/world-population/british-virgin-islands-population/
Caribbean Netherlands,/world-population/caribbean-netherlands-population/
Palau,/world-population/palau-population/
Cook Islands,/world-population/cook-islands-population/
Anguilla,/world-population/anguilla-population/
Nauru,/world-population/nauru-population/
Wallis & Futuna,/world-population/wallis-and-futuna-islands-population/
Tuvalu,/world-population/tuvalu-population/
Saint Barthelemy,/world-population/saint-barthelemy-population/
Saint Pierre & Miquelon,/world-population/saint-pierre-and-miquelon-population/
Saint Helena,/world-population/saint-helena-population/
Montserrat,/world-population/montserrat-population/
Falkland Islands,/world-population/falkland-islands-malvinas-population/
Niue,/world-population/niue-population/
Tokelau,/world-population/tokelau-population/
Holy See,/world-population/holy-see-population/
